Month,Well,Oil,Gas,Water
2026-01,Well-01,1250,850,320
2026-01,Well-02,980,720,250
2026-01,Well-03,1450,910,400
2026-01,Well-04,1100,800,350
2026-01,Well-05,890,650,180
2026-02,Well-01,1220,840,330
2026-02,Well-02,970,710,260
2026-02,Well-03,1480,920,410
2026-02,Well-04,1080,790,365
2026-02,Well-05,900,660,190
2026-03,Well-01,1190,830,340
2026-03,Well-02,950,700,270
2026-03,Well-03,1510,930,420
2026-03,Well-04,1050,780,380
2026-03,Well-05,910,670,200
2026-04,Well-01,1160,820,350
2026-04,Well-02,930,690,280
2026-04,Well-03,1540,940,430
2026-04,Well-04,1020,770,395
2026-04,Well-05,920,680,210
2026-05,Well-01,1130,810,360
2026-05,Well-02,910,680,290
2026-05,Well-03,1570,950,440
2026-05,Well-04,990,760,410
2026-05,Well-05,930,690,220
2026-06,Well-01,1100,800,370
2026-06,Well-02,890,670,300
2026-06,Well-03,1600,960,450
2026-06,Well-04,960,750,425
2026-06,Well-05,940,700,230